timestamp,project_name,run_id,duration,emissions,emissions_rate,cpu_power,gpu_power,ram_power,cpu_energy,gpu_energy,ram_energy,energy_consumed,country_name,country_iso_code,region,cloud_provider,cloud_region,os,python_version,codecarbon_version,cpu_count,cpu_model,gpu_count,gpu_model,longitude,latitude,ram_total_size,tracking_mode,on_cloud,pue
2025-08-20T15:59:40,codecarbon,d4d7fcfc-74c0-4aa6-86fc-fb1624ab38d5,16.74862798198592,1.5714124359231638e-05,9.38233530300694e-07,42.5,0.0,0.1769356727600098,0.0001977212018545,0,7.947328486274118e-07,0.0001985159347031,Finland,FIN,southwest finland,,,Linux-6.8.0-60-generic-x86_64-with-glibc2.39,3.12.3,2.6.0,8,Intel Xeon Processor (Cascadelake),,,22.3119,60.46,30.60538482666016,process,N,1.0
2025-08-20T16:00:20,codecarbon,d4d7fcfc-74c0-4aa6-86fc-fb1624ab38d5,56.981782768969424,5.346871309038488e-05,9.383474944469856e-07,42.5,0.0,0.1772561073303222,0.0006726933262147,0,2.7748903949059204e-06,0.0006754682166096,Finland,FIN,southwest finland,,,Linux-6.8.0-60-generic-x86_64-with-glibc2.39,3.12.3,2.6.0,8,Intel Xeon Processor (Cascadelake),,,22.3119,60.46,30.60538482666016,process,N,1.0
2025-08-20T16:01:15,codecarbon,d4d7fcfc-74c0-4aa6-86fc-fb1624ab38d5,112.00066735502332,0.0001050984164346,9.3837312684474e-07,42.5,0.0,0.1773476600646972,0.0013222198457636,0,5.484447354291749e-06,0.0013277042931179,Finland,FIN,southwest finland,,,Linux-6.8.0-60-generic-x86_64-with-glibc2.39,3.12.3,2.6.0,8,Intel Xeon Processor (Cascadelake),,,22.3119,60.46,30.60538482666016,process,N,1.0
2025-08-20T16:02:10,codecarbon,d4d7fcfc-74c0-4aa6-86fc-fb1624ab38d5,166.97695720597403,0.0001566882060612,9.383822096359195e-07,42.5,0.0,0.1773934364318847,0.0019712434817486,0,8.192659402286418e-06,0.0019794361411509,Finland,FIN,southwest finland,,,Linux-6.8.0-60-generic-x86_64-with-glibc2.39,3.12.3,2.6.0,8,Intel Xeon Processor (Cascadelake),,,22.3119,60.46,30.60538482666016,process,N,1.0
2025-08-20T16:03:05,codecarbon,d4d7fcfc-74c0-4aa6-86fc-fb1624ab38d5,222.00624429201707,0.0002083277892918,9.383870708512565e-07,42.5,0.0,0.1774849891662597,0.0026208921991621,0,1.0904830725826547e-05,0.002631797029888,Finland,FIN,southwest finland,,,Linux-6.8.0-60-generic-x86_64-with-glibc2.39,3.12.3,2.6.0,8,Intel Xeon Processor (Cascadelake),,,22.3119,60.46,30.60538482666016,process,N,1.0
2025-08-20T16:04:00,codecarbon,d4d7fcfc-74c0-4aa6-86fc-fb1624ab38d5,276.99984918301925,0.0002599340413327,9.383905518339492e-07,42.5,0.0,0.1775765419006348,0.0032701201522912,0,1.3616694682836378e-05,0.003283736846974,Finland,FIN,southwest finland,,,Linux-6.8.0-60-generic-x86_64-with-glibc2.39,3.12.3,2.6.0,8,Intel Xeon Processor (Cascadelake),,,22.3119,60.46,30.60538482666016,process,N,1.0
2025-08-20T16:04:55,codecarbon,d4d7fcfc-74c0-4aa6-86fc-fb1624ab38d5,332.0055827739998,0.0003115495214176,9.383863934292952e-07,42.5,0.0,0.1776680946350097,0.0039194628675334,0,1.6330374055297124e-05,0.0039357932415887,Finland,FIN,southwest finland,,,Linux-6.8.0-60-generic-x86_64-with-glibc2.39,3.12.3,2.6.0,8,Intel Xeon Processor (Cascadelake),,,22.3119,60.46,30.60538482666016,process,N,1.0
2025-08-20T16:05:50,codecarbon,d4d7fcfc-74c0-4aa6-86fc-fb1624ab38d5,386.9720181889716,0.0003631327282491,9.383953133060788e-07,42.5,0.0,0.1777596473693847,0.0045683982025192,0,1.9043726902021774e-05,0.0045874419294212,Finland,FIN,southwest finland,,,Linux-6.8.0-60-generic-x86_64-with-glibc2.39,3.12.3,2.6.0,8,Intel Xeon Processor (Cascadelake),,,22.3119,60.46,30.60538482666016,process,N,1.0
2025-08-20T16:06:45,codecarbon,d4d7fcfc-74c0-4aa6-86fc-fb1624ab38d5,442.03851617401233,0.0004148075769297,9.383969083058028e-07,42.5,0.0,0.1778054237365722,0.0052184859058564,0,2.176241938896539e-05,0.0052402483252454,Finland,FIN,southwest finland,,,Linux-6.8.0-60-generic-x86_64-with-glibc2.39,3.12.3,2.6.0,8,Intel Xeon Processor (Cascadelake),,,22.3119,60.46,30.60538482666016,process,N,1.0
2025-08-20T16:07:40,codecarbon,d4d7fcfc-74c0-4aa6-86fc-fb1624ab38d5,496.9931222060113,0.0004663776362659,9.38398572189216e-07,42.5,0.0,0.1779427528381347,0.0058672530967468,0,2.4477824524293008e-05,0.0058917309212711,Finland,FIN,southwest finland,,,Linux-6.8.0-60-generic-x86_64-with-glibc2.39,3.12.3,2.6.0,8,Intel Xeon Processor (Cascadelake),,,22.3119,60.46,30.60538482666016,process,N,1.0
2025-08-20T16:08:35,codecarbon,d4d7fcfc-74c0-4aa6-86fc-fb1624ab38d5,552.0853700179723,0.0005180769636695,9.384000949938212e-07,42.5,0.0,0.1779885292053222,0.0065176457249641,0,2.7200830905931e-05,0.00654484655587,Finland,FIN,southwest finland,,,Linux-6.8.0-60-generic-x86_64-with-glibc2.39,3.12.3,2.6.0,8,Intel Xeon Processor (Cascadelake),,,22.3119,60.46,30.60538482666016,process,N,1.0
2025-08-20T16:09:30,codecarbon,d4d7fcfc-74c0-4aa6-86fc-fb1624ab38d5,606.9598937869887,0.0005695720353524,9.384014350580692e-07,42.5,0.0,0.1780800819396972,0.0071654674179773,0,2.9914417748742352e-05,0.007195381835726,Finland,FIN,southwest finland,,,Linux-6.8.0-60-generic-x86_64-with-glibc2.39,3.12.3,2.6.0,8,Intel Xeon Processor (Cascadelake),,,22.3119,60.46,30.60538482666016,process,N,1.0
2025-08-20T16:10:25,codecarbon,d4d7fcfc-74c0-4aa6-86fc-fb1624ab38d5,662.0245032680104,0.0006212455833513,9.384027030489748e-07,42.5,0.0,0.1781258583068847,0.0078155336158189,0,3.263818426894954e-05,0.0078481718000878,Finland,FIN,southwest finland,,,Linux-6.8.0-60-generic-x86_64-with-glibc2.39,3.12.3,2.6.0,8,Intel Xeon Processor (Cascadelake),,,22.3119,60.46,30.60538482666016,process,N,1.0
2025-08-20T16:11:20,codecarbon,d4d7fcfc-74c0-4aa6-86fc-fb1624ab38d5,717.0468566759955,0.0006728796181744,9.384039716647504e-07,42.5,0.0,0.1782631874084472,0.0084651007066936,0,3.5361889310255776e-05,0.0085004625960039,Finland,FIN,southwest finland,,,Linux-6.8.0-60-generic-x86_64-with-glibc2.39,3.12.3,2.6.0,8,Intel Xeon Processor (Cascadelake),,,22.3119,60.46,30.60538482666016,process,N,1.0
2025-08-20T16:12:15,codecarbon,d4d7fcfc-74c0-4aa6-86fc-fb1624ab38d5,772.5470248290221,0.0007249611454173,9.384039056752882e-07,42.5,0.0,0.1784920692443847,0.0091202938341295,0,3.811271249081514e-05,0.0091584065466204,Finland,FIN,southwest finland,,,Linux-6.8.0-60-generic-x86_64-with-glibc2.39,3.12.3,2.6.0,8,Intel Xeon Processor (Cascadelake),,,22.3119,60.46,30.60538482666016,process,N,1.0
2025-08-20T16:13:10,codecarbon,d4d7fcfc-74c0-4aa6-86fc-fb1624ab38d5,827.011762670998,0.0007760733171402,9.384066251170828e-07,42.5,0.0,0.1784920692443847,0.0097632923412351,0,4.081232462577396e-05,0.0098041046658609,Finland,FIN,southwest finland,,,Linux-6.8.0-60-generic-x86_64-with-glibc2.39,3.12.3,2.6.0,8,Intel Xeon Processor (Cascadelake),,,22.3119,60.46,30.60538482666016,process,N,1.0
2025-08-20T16:14:05,codecarbon,d4d7fcfc-74c0-4aa6-86fc-fb1624ab38d5,882.0900028310134,0.0008277601199771,9.384077784812744e-07,42.5,0.0,0.1784920692443847,0.0104135197082139,0,4.354236987277799e-05,0.0104570620780867,Finland,FIN,southwest finland,,,Linux-6.8.0-60-generic-x86_64-with-glibc2.39,3.12.3,2.6.0,8,Intel Xeon Processor (Cascadelake),,,22.3119,60.46,30.60538482666016,process,N,1.0
2025-08-20T16:15:00,codecarbon,d4d7fcfc-74c0-4aa6-86fc-fb1624ab38d5,937.0060793919838,0.000879294711447,9.384087582629496e-07,42.5,0.0,0.1784920692443847,0.0110618322578571,0,4.626435205043658e-05,0.0111080966099076,Finland,FIN,southwest finland,,,Linux-6.8.0-60-generic-x86_64-with-glibc2.39,3.12.3,2.6.0,8,Intel Xeon Processor (Cascadelake),,,22.3119,60.46,30.60538482666016,process,N,1.0
2025-08-20T16:15:55,codecarbon,d4d7fcfc-74c0-4aa6-86fc-fb1624ab38d5,992.0178712190244,0.0009309191216324,9.384096281334752e-07,42.5,0.0,0.1784920692443847,0.0117112747421205,0,4.899107602049311e-05,0.011760265818141,Finland,FIN,southwest finland,,,Linux-6.8.0-60-generic-x86_64-with-glibc2.39,3.12.3,2.6.0,8,Intel Xeon Processor (Cascadelake),,,22.3119,60.46,30.60538482666016,process,N,1.0
2025-08-20T16:16:50,codecarbon,d4d7fcfc-74c0-4aa6-86fc-fb1624ab38d5,1047.0135103460052,0.0009825283956265,9.384104272941104e-07,42.5,0.0,0.1784920692443847,0.0123605268240462,0,5.171698740049547e-05,0.0124122438114467,Finland,FIN,southwest finland,,,Linux-6.8.0-60-generic-x86_64-with-glibc2.39,3.12.3,2.6.0,8,Intel Xeon Processor (Cascadelake),,,22.3119,60.46,30.60538482666016,process,N,1.0
2025-08-20T16:17:45,codecarbon,d4d7fcfc-74c0-4aa6-86fc-fb1624ab38d5,1102.0995545859914,0.001034222474707,9.3841111758324e-07,42.5,0.0,0.1784920692443847,0.0130108457719844,0,5.444737219593675e-05,0.0130652931441803,Finland,FIN,southwest finland,,,Linux-6.8.0-60-generic-x86_64-with-glibc2.39,3.12.3,2.6.0,8,Intel Xeon Processor (Cascadelake),,,22.3119,60.46,30.60538482666016,process,N,1.0
2025-08-20T16:18:40,codecarbon,d4d7fcfc-74c0-4aa6-86fc-fb1624ab38d5,1157.1619418769842,0.0010858944004177,9.384117824134572e-07,42.5,0.0,0.1784920692443847,0.0136608860095511,0,5.7176604686145e-05,0.0137180626142373,Finland,FIN,southwest finland,,,Linux-6.8.0-60-generic-x86_64-with-glibc2.39,3.12.3,2.6.0,8,Intel Xeon Processor (Cascadelake),,,22.3119,60.46,30.60538482666016,process,N,1.0
2025-08-20T16:19:35,codecarbon,d4d7fcfc-74c0-4aa6-86fc-fb1624ab38d5,1212.0937731019803,0.0011374426930138,9.384114647358812e-07,42.5,0.0,0.1784920692443847,0.0143093709368683,0,5.989929499538976e-05,0.0143692702318637,Finland,FIN,southwest finland,,,Linux-6.8.0-60-generic-x86_64-with-glibc2.39,3.12.3,2.6.0,8,Intel Xeon Processor (Cascadelake),,,22.3119,60.46,30.60538482666016,process,N,1.0
2025-08-20T16:20:30,codecarbon,d4d7fcfc-74c0-4aa6-86fc-fb1624ab38d5,1267.039056368987,0.0011890058012621,9.38412904705206e-07,42.5,0.0,0.1784920692443847,0.0149580422404977,0,6.262277456279991e-05,0.0150206650150605,Finland,FIN,southwest finland,,,Linux-6.8.0-60-generic-x86_64-with-glibc2.39,3.12.3,2.6.0,8,Intel Xeon Processor (Cascadelake),,,22.3119,60.46,30.60538482666016,process,N,1.0
2025-08-20T16:21:25,codecarbon,d4d7fcfc-74c0-4aa6-86fc-fb1624ab38d5,1322.0741680630017,0.0012406520543664,9.384133540587442e-07,42.5,0.0,0.1784920692443847,0.0156077595206588,0,6.535064339814179e-05,0.015673110164057,Finland,FIN,southwest finland,,,Linux-6.8.0-60-generic-x86_64-with-glibc2.39,3.12.3,2.6.0,8,Intel Xeon Processor (Cascadelake),,,22.3119,60.46,30.60538482666016,process,N,1.0
2025-08-20T16:22:20,codecarbon,d4d7fcfc-74c0-4aa6-86fc-fb1624ab38d5,1377.0623126970022,0.0012922543092942,9.384138229470012e-07,42.5,0.0,0.1784920692443847,0.0162569232382375,0,6.807624752804486e-05,0.0163249994857655,Finland,FIN,southwest finland,,,Linux-6.8.0-60-generic-x86_64-with-glibc2.39,3.12.3,2.6.0,8,Intel Xeon Processor (Cascadelake),,,22.3119,60.46,30.60538482666016,process,N,1.0
2025-08-20T16:23:15,codecarbon,d4d7fcfc-74c0-4aa6-86fc-fb1624ab38d5,1432.1371985949809,0.0013439379115517,9.384142195805256e-07,42.5,0.0,0.1784920692443847,0.016907110381127,0,7.080608406600893e-05,0.016977916465193,Finland,FIN,southwest finland,,,Linux-6.8.0-60-generic-x86_64-with-glibc2.39,3.12.3,2.6.0,8,Intel Xeon Processor (Cascadelake),,,22.3119,60.46,30.60538482666016,process,N,1.0
2025-08-20T16:24:10,codecarbon,d4d7fcfc-74c0-4aa6-86fc-fb1624ab38d5,1487.0720345770242,0.0013954900976975,9.38414592736581e-07,42.5,0.0,0.1784920692443847,0.0175556444014106,0,7.352886847439e-05,0.017629173269885,Finland,FIN,southwest finland,,,Linux-6.8.0-60-generic-x86_64-with-glibc2.39,3.12.3,2.6.0,8,Intel Xeon Processor (Cascadelake),,,22.3119,60.46,30.60538482666016,process,N,1.0
2025-08-20T16:25:05,codecarbon,d4d7fcfc-74c0-4aa6-86fc-fb1624ab38d5,1542.1166859759833,0.0014471453345875,9.384149382131132e-07,42.5,0.0,0.1784920692443847,0.0182054746983507,0,7.625721235393089e-05,0.0182817319107047,Finland,FIN,southwest finland,,,Linux-6.8.0-60-generic-x86_64-with-glibc2.39,3.12.3,2.6.0,8,Intel Xeon Processor (Cascadelake),,,22.3119,60.46,30.60538482666016,process,N,1.0
2025-08-20T16:26:00,codecarbon,d4d7fcfc-74c0-4aa6-86fc-fb1624ab38d5,1597.0141459209844,0.0014986624464591,9.38415260933634e-07,42.5,0.0,0.1784920692443847,0.0188535675735453,0,7.897804988049163e-05,0.0189325456234258,Finland,FIN,southwest finland,,,Linux-6.8.0-60-generic-x86_64-with-glibc2.39,3.12.3,2.6.0,8,Intel Xeon Processor (Cascadelake),,,22.3119,60.46,30.60538482666016,process,N,1.0
2025-08-20T16:26:55,codecarbon,d4d7fcfc-74c0-4aa6-86fc-fb1624ab38d5,1652.0876105899806,0.0015503433585694,9.384147357753266e-07,42.5,0.0,0.1784920692443847,0.0195037209392765,0,8.170767904994039e-05,0.0195854286183264,Finland,FIN,southwest finland,,,Linux-6.8.0-60-generic-x86_64-with-glibc2.39,3.12.3,2.6.0,8,Intel Xeon Processor (Cascadelake),,,22.3119,60.46,30.60538482666016,process,N,1.0
2025-08-20T16:27:50,codecarbon,d4d7fcfc-74c0-4aa6-86fc-fb1624ab38d5,1707.0924225560157,0.0016019624972833,9.384157975962132e-07,42.5,0.0,0.1784920692443847,0.0201530971267272,0,8.443410553425699e-05,0.0202375312322614,Finland,FIN,southwest finland,,,Linux-6.8.0-60-generic-x86_64-with-glibc2.39,3.12.3,2.6.0,8,Intel Xeon Processor (Cascadelake),,,22.3119,60.46,30.60538482666016,process,N,1.0
2025-08-20T16:28:45,codecarbon,d4d7fcfc-74c0-4aa6-86fc-fb1624ab38d5,1762.130967508012,0.0016536120078863,9.384160646270836e-07,42.5,0.0,0.1784920692443847,0.0208028553988586,0,8.716213425719122e-05,0.0208900175331158,Finland,FIN,southwest finland,,,Linux-6.8.0-60-generic-x86_64-with-glibc2.39,3.12.3,2.6.0,8,Intel Xeon Processor (Cascadelake),,,22.3119,60.46,30.60538482666016,process,N,1.0
2025-08-20T16:29:40,codecarbon,d4d7fcfc-74c0-4aa6-86fc-fb1624ab38d5,1817.0679481970144,0.0017051661977155,9.38416309311638e-07,42.5,0.0,0.1784920692443847,0.0214514145391094,0,8.988511115350247e-05,0.0215412996502629,Finland,FIN,southwest finland,,,Linux-6.8.0-60-generic-x86_64-with-glibc2.39,3.12.3,2.6.0,8,Intel Xeon Processor (Cascadelake),,,22.3119,60.46,30.60538482666016,process,N,1.0
2025-08-20T16:30:35,codecarbon,d4d7fcfc-74c0-4aa6-86fc-fb1624ab38d5,1872.070001756016,0.001756781485256,9.384165568638944e-07,42.5,0.0,0.1784920692443847,0.0221007422464791,0,9.26113659929014e-05,0.022193353612472,Finland,FIN,southwest finland,,,Linux-6.8.0-60-generic-x86_64-with-glibc2.39,3.12.3,2.6.0,8,Intel Xeon Processor (Cascadelake),,,22.3119,60.46,30.60538482666016,process,N,1.0
2025-08-20T16:31:30,codecarbon,d4d7fcfc-74c0-4aa6-86fc-fb1624ab38d5,1927.073139499989,0.0018083977689982,9.384167792756536e-07,42.5,0.0,0.1784920692443847,0.0227500824959069,0,9.533766375101749e-05,0.0228454201596579,Finland,FIN,southwest finland,,,Linux-6.8.0-60-generic-x86_64-with-glibc2.39,3.12.3,2.6.0,8,Intel Xeon Processor (Cascadelake),,,22.3119,60.46,30.60538482666016,process,N,1.0
2025-08-20T16:32:25,codecarbon,d4d7fcfc-74c0-4aa6-86fc-fb1624ab38d5,1982.0856416799943,0.0018600228667249,9.384170025814076e-07,42.5,0.0,0.1785836219787597,0.0233995325112168,0,9.806554235932904e-05,0.0234975980535762,Finland,FIN,southwest finland,,,Linux-6.8.0-60-generic-x86_64-with-glibc2.39,3.12.3,2.6.0,8,Intel Xeon Processor (Cascadelake),,,22.3119,60.46,30.60538482666016,process,N,1.0
2025-08-20T16:33:20,codecarbon,d4d7fcfc-74c0-4aa6-86fc-fb1624ab38d5,2037.0654034049949,0.0019116173652563,9.384172751945304e-07,42.5,0.0,0.1786293983459472,0.024048596611334,0,0.0001007927776899,0.024149389389024,Finland,FIN,southwest finland,,,Linux-6.8.0-60-generic-x86_64-with-glibc2.39,3.12.3,2.6.0,8,Intel Xeon Processor (Cascadelake),,,22.3119,60.46,30.60538482666016,process,N,1.0
2025-08-20T16:34:15,codecarbon,d4d7fcfc-74c0-4aa6-86fc-fb1624ab38d5,2092.112012899015,0.0019632734989965,9.384170096495512e-07,42.5,0.0,0.1786751747131347,0.0246984353988057,0,0.0001035239609127,0.0248019593597185,Finland,FIN,southwest finland,,,Linux-6.8.0-60-generic-x86_64-with-glibc2.39,3.12.3,2.6.0,8,Intel Xeon Processor (Cascadelake),,,22.3119,60.46,30.60538482666016,process,N,1.0
2025-08-20T16:35:10,codecarbon,d4d7fcfc-74c0-4aa6-86fc-fb1624ab38d5,2147.042231408006,0.0020148228206896,9.384178807551252e-07,42.5,0.0,0.1787667274475097,0.0253469291107545,0,0.0001062508671333,0.0254531799778879,Finland,FIN,southwest finland,,,Linux-6.8.0-60-generic-x86_64-with-glibc2.39,3.12.3,2.6.0,8,Intel Xeon Processor (Cascadelake),,,22.3119,60.46,30.60538482666016,process,N,1.0
2025-08-20T16:36:05,codecarbon,d4d7fcfc-74c0-4aa6-86fc-fb1624ab38d5,2202.048724006978,0.0020664426018513,9.38418200888466e-07,42.5,0.0,0.1787667274475097,0.0259963091630843,0,0.0001089815447578,0.0261052907078421,Finland,FIN,southwest finland,,,Linux-6.8.0-60-generic-x86_64-with-glibc2.39,3.12.3,2.6.0,8,Intel Xeon Processor (Cascadelake),,,22.3119,60.46,30.60538482666016,process,N,1.0
2025-08-20T16:37:00,codecarbon,d4d7fcfc-74c0-4aa6-86fc-fb1624ab38d5,2257.1018238620018,0.0021181061083206,9.384185001881998e-07,42.5,0.0,0.1787667274475097,0.0266462392879082,0,0.0001117145300334,0.0267579538179417,Finland,FIN,southwest finland,,,Linux-6.8.0-60-generic-x86_64-with-glibc2.39,3.12.3,2.6.0,8,Intel Xeon Processor (Cascadelake),,,22.3119,60.46,30.60538482666016,process,N,1.0
2025-08-20T16:37:55,codecarbon,d4d7fcfc-74c0-4aa6-86fc-fb1624ab38d5,2312.0375831779675,0.0021696595055057,9.384187875196624e-07,42.5,0.0,0.1787667274475097,0.0272947842406434,0,0.0001144416810038,0.0274092259216473,Finland,FIN,southwest finland,,,Linux-6.8.0-60-generic-x86_64-with-glibc2.39,3.12.3,2.6.0,8,Intel Xeon Processor (Cascadelake),,,22.3119,60.46,30.60538482666016,process,N,1.0
2025-08-20T16:38:50,codecarbon,d4d7fcfc-74c0-4aa6-86fc-fb1624ab38d5,2367.0863699470065,0.00222131891342,9.38419037692242e-07,42.5,0.0,0.1787667274475097,0.0279446628572507,0,0.0001171743976077,0.0280618372548585,Finland,FIN,southwest finland,,,Linux-6.8.0-60-generic-x86_64-with-glibc2.39,3.12.3,2.6.0,8,Intel Xeon Processor (Cascadelake),,,22.3119,60.46,30.60538482666016,process,N,1.0
2025-08-20T16:39:45,codecarbon,d4d7fcfc-74c0-4aa6-86fc-fb1624ab38d5,2422.0678611019976,0.002272915223268,9.384192985550284e-07,42.5,0.0,0.1787667274475097,0.0285937476412201,0,0.000119903831379,0.0287136514725992,Finland,FIN,southwest finland,,,Linux-6.8.0-60-generic-x86_64-with-glibc2.39,3.12.3,2.6.0,8,Intel Xeon Processor (Cascadelake),,,22.3119,60.46,30.60538482666016,process,N,1.0
2025-08-20T16:40:40,codecarbon,d4d7fcfc-74c0-4aa6-86fc-fb1624ab38d5,2477.057314975013,0.0023245190092716,9.384195493656176e-07,42.5,0.0,0.1787667274475097,0.0292429264857056,0,0.0001226336506249,0.0293655601363306,Finland,FIN,southwest finland,,,Linux-6.8.0-60-generic-x86_64-with-glibc2.39,3.12.3,2.6.0,8,Intel Xeon Processor (Cascadelake),,,22.3119,60.46,30.60538482666016,process,N,1.0
2025-08-20T16:41:35,codecarbon,d4d7fcfc-74c0-4aa6-86fc-fb1624ab38d5,2532.045025376021,0.0023761201858649,9.384194048887888e-07,42.5,0.0,0.1787667274475097,0.02989207249671,0,0.0001253633387707,0.0300174358354807,Finland,FIN,southwest finland,,,Linux-6.8.0-60-generic-x86_64-with-glibc2.39,3.12.3,2.6.0,8,Intel Xeon Processor (Cascadelake),,,22.3119,60.46,30.60538482666016,process,N,1.0
2025-08-20T16:42:30,codecarbon,d4d7fcfc-74c0-4aa6-86fc-fb1624ab38d5,2587.040407034976,0.0024277304954705,9.384200141864092e-07,42.5,0.0,0.1787667274475097,0.0305413334141374,0,0.0001280934974896,0.030669426911627,Finland,FIN,southwest finland,,,Linux-6.8.0-60-generic-x86_64-with-glibc2.39,3.12.3,2.6.0,8,Intel Xeon Processor (Cascadelake),,,22.3119,60.46,30.60538482666016,process,N,1.0
2025-08-20T16:43:25,codecarbon,d4d7fcfc-74c0-4aa6-86fc-fb1624ab38d5,2642.055549149984,0.002479358397203,9.384202379850558e-07,42.5,0.0,0.1787667274475097,0.0311908156194789,0,0.0001308246089636,0.0313216402284426,Finland,FIN,southwest finland,,,Linux-6.8.0-60-generic-x86_64-with-glibc2.39,3.12.3,2.6.0,8,Intel Xeon Processor (Cascadelake),,,22.3119,60.46,30.60538482666016,process,N,1.0
2025-08-20T16:44:20,codecarbon,d4d7fcfc-74c0-4aa6-86fc-fb1624ab38d5,2697.0700609409832,0.0025309856922548,9.384204470283008e-07,42.5,0.0,0.1787667274475097,0.0318402902155968,0,0.0001335556654876,0.0319738458810844,Finland,FIN,southwest finland,,,Linux-6.8.0-60-generic-x86_64-with-glibc2.39,3.12.3,2.6.0,8,Intel Xeon Processor (Cascadelake),,,22.3119,60.46,30.60538482666016,process,N,1.0
2025-08-20T16:45:15,codecarbon,d4d7fcfc-74c0-4aa6-86fc-fb1624ab38d5,2752.0333886040025,0.0025825650028498,9.384206650777328e-07,42.5,0.0,0.1788125038146972,0.0324891604722575,0,0.0001362848756529,0.0326254453479104,Finland,FIN,southwest finland,,,Linux-6.8.0-60-generic-x86_64-with-glibc2.39,3.12.3,2.6.0,8,Intel Xeon Processor (Cascadelake),,,22.3119,60.46,30.60538482666016,process,N,1.0
2025-08-20T16:46:10,codecarbon,d4d7fcfc-74c0-4aa6-86fc-fb1624ab38d5,2807.1038004329894,0.002634244911087,9.38420912928372e-07,42.5,0.0,0.1789040565490722,0.0331392949159379,0,0.000139020744981,0.033278315660919,Finland,FIN,southwest finland,,,Linux-6.8.0-60-generic-x86_64-with-glibc2.39,3.12.3,2.6.0,8,Intel Xeon Processor (Cascadelake),,,22.3119,60.46,30.60538482666016,process,N,1.0
2025-08-20T16:47:05,codecarbon,d4d7fcfc-74c0-4aa6-86fc-fb1624ab38d5,2862.099896424974,0.002685855096377,9.38421157043432e-07,42.5,0.0,0.1789040565490722,0.0337885522059433,0,0.0001417529606476,0.033930305166591,Finland,FIN,southwest finland,,,Linux-6.8.0-60-generic-x86_64-with-glibc2.39,3.12.3,2.6.0,8,Intel Xeon Processor (Cascadelake),,,22.3119,60.46,30.60538482666016,process,N,1.0
2025-08-20T16:48:00,codecarbon,d4d7fcfc-74c0-4aa6-86fc-fb1624ab38d5,2917.025696003984,0.0027373993410462,9.384214012225476e-07,42.5,0.0,0.1789040565490722,0.0344369799103522,0,0.0001444817365594,0.0345814616469116,Finland,FIN,southwest finland,,,Linux-6.8.0-60-generic-x86_64-with-glibc2.39,3.12.3,2.6.0,8,Intel Xeon Processor (Cascadelake),,,22.3119,60.46,30.60538482666016,process,N,1.0
2025-08-20T16:48:55,codecarbon,d4d7fcfc-74c0-4aa6-86fc-fb1624ab38d5,2972.17297543498,0.002789150350087,9.384212739767844e-07,42.5,0.0,0.1789040565490722,0.035088008775151,0,0.000147221398515,0.0352352301736661,Finland,FIN,southwest finland,,,Linux-6.8.0-60-generic-x86_64-with-glibc2.39,3.12.3,2.6.0,8,Intel Xeon Processor (Cascadelake),,,22.3119,60.46,30.60538482666016,process,N,1.0
2025-08-20T16:49:50,codecarbon,d4d7fcfc-74c0-4aa6-86fc-fb1624ab38d5,3027.1649765929906,0.0028407576681066,9.384218204400014e-07,42.5,0.0,0.1789040565490722,0.0357372300239523,0,0.0001499534332674,0.0358871834572198,Finland,FIN,southwest finland,,,Linux-6.8.0-60-generic-x86_64-with-glibc2.39,3.12.3,2.6.0,8,Intel Xeon Processor (Cascadelake),,,22.3119,60.46,30.60538482666016,process,N,1.0
2025-08-20T16:50:45,codecarbon,d4d7fcfc-74c0-4aa6-86fc-fb1624ab38d5,3082.104065335996,0.0028923143073637,9.384220149777632e-07,42.5,0.0,0.1789040565490722,0.0363858137047893,0,0.0001526828131084,0.0365384965178978,Finland,FIN,southwest finland,,,Linux-6.8.0-60-generic-x86_64-with-glibc2.39,3.12.3,2.6.0,8,Intel Xeon Processor (Cascadelake),,,22.3119,60.46,30.60538482666016,process,N,1.0
2025-08-20T16:51:40,codecarbon,d4d7fcfc-74c0-4aa6-86fc-fb1624ab38d5,3137.0890891039744,0.0029439140725806,9.384222089215536e-07,42.5,0.0,0.1789040565490722,0.0370349398776901,0,0.0001554145094931,0.0371903543871833,Finland,FIN,southwest finland,,,Linux-6.8.0-60-generic-x86_64-with-glibc2.39,3.12.3,2.6.0,8,Intel Xeon Processor (Cascadelake),,,22.3119,60.46,30.60538482666016,process,N,1.0
2025-08-20T16:52:35,codecarbon,d4d7fcfc-74c0-4aa6-86fc-fb1624ab38d5,3192.0932329630014,0.0029955318212318,9.384224089380068e-07,42.5,0.0,0.1789040565490722,0.0376842922713977,0,0.0001581471691116,0.0378424394405094,Finland,FIN,southwest finland,,,Linux-6.8.0-60-generic-x86_64-with-glibc2.39,3.12.3,2.6.0,8,Intel Xeon Processor (Cascadelake),,,22.3119,60.46,30.60538482666016,process,N,1.0
2025-08-20T16:53:30,codecarbon,d4d7fcfc-74c0-4aa6-86fc-fb1624ab38d5,3247.0767664029845,0.0030471301864039,9.384225891830296e-07,42.5,0.0,0.1789040565490722,0.0383334008990596,0,0.0001608787240226,0.0384942796230822,Finland,FIN,southwest finland,,,Linux-6.8.0-60-generic-x86_64-with-glibc2.39,3.12.3,2.6.0,8,Intel Xeon Processor (Cascadelake),,,22.3119,60.46,30.60538482666016,process,N,1.0
2025-08-20T16:54:25,codecarbon,d4d7fcfc-74c0-4aa6-86fc-fb1624ab38d5,3302.124969750992,0.0030987892270059,9.384227597054488e-07,42.5,0.0,0.1789040565490722,0.0389832727709044,0,0.0001636135451469,0.0391468863160514,Finland,FIN,southwest finland,,,Linux-6.8.0-60-generic-x86_64-with-glibc2.39,3.12.3,2.6.0,8,Intel Xeon Processor (Cascadelake),,,22.3119,60.46,30.60538482666016,process,N,1.0
2025-08-20T16:55:20,codecarbon,d4d7fcfc-74c0-4aa6-86fc-fb1624ab38d5,3357.1110341409803,0.0031503900128953,9.384229418856472e-07,42.5,0.0,0.1789040565490722,0.0396324117701999,0,0.0001663453092531,0.039798757079453,Finland,FIN,southwest finland,,,Linux-6.8.0-60-generic-x86_64-with-glibc2.39,3.12.3,2.6.0,8,Intel Xeon Processor (Cascadelake),,,22.3119,60.46,30.60538482666016,process,N,1.0
2025-08-20T16:56:15,codecarbon,d4d7fcfc-74c0-4aa6-86fc-fb1624ab38d5,3412.053545548988,0.0032019488979247,9.384228164008834e-07,42.5,0.0,0.1789040565490722,0.0402810236614746,0,0.0001690748494111,0.0404500985108858,Finland,FIN,southwest finland,,,Linux-6.8.0-60-generic-x86_64-with-glibc2.39,3.12.3,2.6.0,8,Intel Xeon Processor (Cascadelake),,,22.3119,60.46,30.60538482666016,process,N,1.0
2025-08-20T16:57:10,codecarbon,d4d7fcfc-74c0-4aa6-86fc-fb1624ab38d5,3467.122075812018,0.003253628188555,9.384233140372008e-07,42.5,0.0,0.1789956092834472,0.0409311488515596,0,0.0001718121701317,0.0411029610216914,Finland,FIN,southwest finland,,,Linux-6.8.0-60-generic-x86_64-with-glibc2.39,3.12.3,2.6.0,8,Intel Xeon Processor (Cascadelake),,,22.3119,60.46,30.60538482666016,process,N,1.0
2025-08-20T16:58:05,codecarbon,d4d7fcfc-74c0-4aa6-86fc-fb1624ab38d5,3522.0871386990184,0.0033052093553681,9.384235043625294e-07,42.5,0.0,0.1789956092834472,0.0415800396543135,0,0.000174544283736,0.0417545839380495,Finland,FIN,southwest finland,,,Linux-6.8.0-60-generic-x86_64-with-glibc2.39,3.12.3,2.6.0,8,Intel Xeon Processor (Cascadelake),,,22.3119,60.46,30.60538482666016,process,N,1.0
2025-08-20T16:59:00,codecarbon,d4d7fcfc-74c0-4aa6-86fc-fb1624ab38d5,3577.059045590984,0.0033567968678182,9.384236673296544e-07,42.5,0.0,0.1789956092834472,0.0422290103111204,0,0.0001772767074778,0.0424062870185983,Finland,FIN,southwest finland,,,Linux-6.8.0-60-generic-x86_64-with-glibc2.39,3.12.3,2.6.0,8,Intel Xeon Processor (Cascadelake),,,22.3119,60.46,30.60538482666016,process,N,1.0
2025-08-20T16:59:55,codecarbon,d4d7fcfc-74c0-4aa6-86fc-fb1624ab38d5,3632.249352734012,0.0034085894256758,9.384238510800988e-07,42.5,0.0,0.1790413856506348,0.0428805597119646,0,0.0001800207180089,0.0430605804299735,Finland,FIN,southwest finland,,,Linux-6.8.0-60-generic-x86_64-with-glibc2.39,3.12.3,2.6.0,8,Intel Xeon Processor (Cascadelake),,,22.3119,60.46,30.60538482666016,process,N,1.0
2025-08-20T17:00:50,codecarbon,d4d7fcfc-74c0-4aa6-86fc-fb1624ab38d5,3687.022452077013,0.0034599905293514,9.38424046591391e-07,42.5,0.0,0.1790413856506348,0.0435271846352934,0,0.0001827439802782,0.0437099286155716,Finland,FIN,southwest finland,,,Linux-6.8.0-60-generic-x86_64-with-glibc2.39,3.12.3,2.6.0,8,Intel Xeon Processor (Cascadelake),,,22.3119,60.46,30.60538482666016,process,N,1.0
2025-08-20T17:01:45,codecarbon,d4d7fcfc-74c0-4aa6-86fc-fb1624ab38d5,3742.061767616018,0.0035116414430934,9.384242327273568e-07,42.5,0.0,0.1790413856506348,0.0441769522141814,0,0.0001854804280459,0.0443624326422274,Finland,FIN,southwest finland,,,Linux-6.8.0-60-generic-x86_64-with-glibc2.39,3.12.3,2.6.0,8,Intel Xeon Processor (Cascadelake),,,22.3119,60.46,30.60538482666016,process,N,1.0
2025-08-20T17:02:40,codecarbon,d4d7fcfc-74c0-4aa6-86fc-fb1624ab38d5,3797.0436054299935,0.0035632384561363,9.384244234226678e-07,42.5,0.0,0.1790413856506348,0.0448260416337798,0,0.0001882141096241,0.0450142557434039,Finland,FIN,southwest finland,,,Linux-6.8.0-60-generic-x86_64-with-glibc2.39,3.12.3,2.6.0,8,Intel Xeon Processor (Cascadelake),,,22.3119,60.46,30.60538482666016,process,N,1.0
2025-08-20T17:03:35,codecarbon,d4d7fcfc-74c0-4aa6-86fc-fb1624ab38d5,3852.0930610880014,0.0036148977926936,9.384243151365306e-07,42.5,0.0,0.1790413856506348,0.0454759152254934,0,0.0001909509496712,0.0456668661751647,Finland,FIN,southwest finland,,,Linux-6.8.0-60-generic-x86_64-with-glibc2.39,3.12.3,2.6.0,8,Intel Xeon Processor (Cascadelake),,,22.3119,60.46,30.60538482666016,process,N,1.0
2025-08-20T17:04:30,codecarbon,d4d7fcfc-74c0-4aa6-86fc-fb1624ab38d5,3907.149500982021,0.003666565715548,9.384247300049456e-07,42.5,0.0,0.1790413856506348,0.0461258968320908,0,0.0001936882451977,0.0463195850772885,Finland,FIN,southwest finland,,,Linux-6.8.0-60-generic-x86_64-with-glibc2.39,3.12.3,2.6.0,8,Intel Xeon Processor (Cascadelake),,,22.3119,60.46,30.60538482666016,process,N,1.0
2025-08-20T17:05:25,codecarbon,d4d7fcfc-74c0-4aa6-86fc-fb1624ab38d5,3962.11011222098,0.0037181427246954,9.384248845651628e-07,42.5,0.0,0.1790413856506348,0.0467747347187677,0,0.0001964207512471,0.0469711554700148,Finland,FIN,southwest finland,,,Linux-6.8.0-60-generic-x86_64-with-glibc2.39,3.12.3,2.6.0,8,Intel Xeon Processor (Cascadelake),,,22.3119,60.46,30.60538482666016,process,N,1.0
2025-08-20T17:06:20,codecarbon,d4d7fcfc-74c0-4aa6-86fc-fb1624ab38d5,4017.068436231,0.0037697175854772,9.38425034404974e-07,42.5,0.0,0.1790413856506348,0.0474235457510164,0,0.0001991529715031,0.0476226987225196,Finland,FIN,southwest finland,,,Linux-6.8.0-60-generic-x86_64-with-glibc2.39,3.12.3,2.6.0,8,Intel Xeon Processor (Cascadelake),,,22.3119,60.46,30.60538482666016,process,N,1.0
2025-08-20T17:07:15,codecarbon,d4d7fcfc-74c0-4aa6-86fc-fb1624ab38d5,4072.12966637098,0.0038213890676284,9.384251928878246e-07,42.5,0.0,0.1790413856506348,0.0480735720508148,0,0.0002018905382907,0.0482754625891055,Finland,FIN,southwest finland,,,Linux-6.8.0-60-generic-x86_64-with-glibc2.39,3.12.3,2.6.0,8,Intel Xeon Processor (Cascadelake),,,22.3119,60.46,30.60538482666016,process,N,1.0
2025-08-20T17:08:10,codecarbon,d4d7fcfc-74c0-4aa6-86fc-fb1624ab38d5,4127.120814296999,0.0038729947881212,9.384253484183492e-07,42.5,0.0,0.1790413856506348,0.0487227710908166,0,0.0002046246003488,0.0489273956911655,Finland,FIN,southwest finland,,,Linux-6.8.0-60-generic-x86_64-with-glibc2.39,3.12.3,2.6.0,8,Intel Xeon Processor (Cascadelake),,,22.3119,60.46,30.60538482666016,process,N,1.0
2025-08-20T17:09:05,codecarbon,d4d7fcfc-74c0-4aa6-86fc-fb1624ab38d5,4182.135351667996,0.0039246224348535,9.384254943561908e-07,42.5,0.0,0.1790413856506348,0.0493722459612371,0,0.0002073598253358,0.0495796057865729,Finland,FIN,southwest finland,,,Linux-6.8.0-60-generic-x86_64-with-glibc2.39,3.12.3,2.6.0,8,Intel Xeon Processor (Cascadelake),,,22.3119,60.46,30.60538482666016,process,N,1.0
2025-08-20T17:10:00,codecarbon,d4d7fcfc-74c0-4aa6-86fc-fb1624ab38d5,4237.185392928019,0.0039762833800199,9.384256319434384e-07,42.5,0.0,0.1790413856506348,0.0500221397199212,0,0.0002100968199102,0.0502322365398315,Finland,FIN,southwest finland,,,Linux-6.8.0-60-generic-x86_64-with-glibc2.39,3.12.3,2.6.0,8,Intel Xeon Processor (Cascadelake),,,22.3119,60.46,30.60538482666016,process,N,1.0
2025-08-20T17:10:55,codecarbon,d4d7fcfc-74c0-4aa6-86fc-fb1624ab38d5,4292.138037230005,0.0040278518747094,9.38425521213862e-07,42.5,0.0,0.1790413856506348,0.0506708705179084,0,0.0002128288518256,0.050883699369734,Finland,FIN,southwest finland,,,Linux-6.8.0-60-generic-x86_64-with-glibc2.39,3.12.3,2.6.0,8,Intel Xeon Processor (Cascadelake),,,22.3119,60.46,30.60538482666016,process,N,1.0
2025-08-20T17:11:50,codecarbon,d4d7fcfc-74c0-4aa6-86fc-fb1624ab38d5,4347.093875482969,0.004079425592211,9.384259252413472e-07,42.5,0.0,0.1791329383850097,0.0513196655539247,0,0.0002155626253003,0.051535228179225,Finland,FIN,southwest finland,,,Linux-6.8.0-60-generic-x86_64-with-glibc2.39,3.12.3,2.6.0,8,Intel Xeon Processor (Cascadelake),,,22.3119,60.46,30.60538482666016,process,N,1.0
2025-08-20T17:12:45,codecarbon,d4d7fcfc-74c0-4aa6-86fc-fb1624ab38d5,4402.101460581005,0.0041310469396366,9.384261077643244e-07,42.5,0.0,0.1792244911193847,0.0519690583780827,0,0.0002183003176483,0.052187358695731,Finland,FIN,southwest finland,,,Linux-6.8.0-60-generic-x86_64-with-glibc2.39,3.12.3,2.6.0,8,Intel Xeon Processor (Cascadelake),,,22.3119,60.46,30.60538482666016,process,N,1.0
2025-08-20T17:13:40,codecarbon,d4d7fcfc-74c0-4aa6-86fc-fb1624ab38d5,4457.208274956967,0.0041827614331072,9.38426291768384e-07,42.5,0.0,0.1792244911193847,0.0526196229594112,0,0.0002210429632652,0.0528406659226764,Finland,FIN,southwest finland,,,Linux-6.8.0-60-generic-x86_64-with-glibc2.39,3.12.3,2.6.0,8,Intel Xeon Processor (Cascadelake),,,22.3119,60.46,30.60538482666016,process,N,1.0
2025-08-20T17:14:35,codecarbon,d4d7fcfc-74c0-4aa6-86fc-fb1624ab38d5,4512.12568454101,0.004234298172461,9.384264686970506e-07,42.5,0.0,0.1792244911193847,0.0532679514162498,0,0.0002237761723841,0.0534917275886338,Finland,FIN,southwest finland,,,Linux-6.8.0-60-generic-x86_64-with-glibc2.39,3.12.3,2.6.0,8,Intel Xeon Processor (Cascadelake),,,22.3119,60.46,30.60538482666016,process,N,1.0
2025-08-20T17:15:30,codecarbon,d4d7fcfc-74c0-4aa6-86fc-fb1624ab38d5,4567.110680109006,0.0042858983551428,9.384266454958166e-07,42.5,0.0,0.1792244911193847,0.0539170780456126,0,0.000226512686124,0.0541435907317366,Finland,FIN,southwest finland,,,Linux-6.8.0-60-generic-x86_64-with-glibc2.39,3.12.3,2.6.0,8,Intel Xeon Processor (Cascadelake),,,22.3119,60.46,30.60538482666016,process,N,1.0
2025-08-20T17:16:25,codecarbon,d4d7fcfc-74c0-4aa6-86fc-fb1624ab38d5,4622.159380730998,0.0043375582249664,9.3842679745078e-07,42.5,0.0,0.1792244911193847,0.0545669557567929,0,0.0002292521434379,0.0547962079002308,Finland,FIN,southwest finland,,,Linux-6.8.0-60-generic-x86_64-with-glibc2.39,3.12.3,2.6.0,8,Intel Xeon Processor (Cascadelake),,,22.3119,60.46,30.60538482666016,process,N,1.0
2025-08-20T17:17:20,codecarbon,d4d7fcfc-74c0-4aa6-86fc-fb1624ab38d5,4677.131188991014,0.0043891458289124,9.384269227349412e-07,42.5,0.0,0.1792244911193847,0.055215924454657,0,0.0002319876819868,0.0554479121366438,Finland,FIN,southwest finland,,,Linux-6.8.0-60-generic-x86_64-with-glibc2.39,3.12.3,2.6.0,8,Intel Xeon Processor (Cascadelake),,,22.3119,60.46,30.60538482666016,process,N,1.0
2025-08-20T17:18:15,codecarbon,d4d7fcfc-74c0-4aa6-86fc-fb1624ab38d5,4732.164225776971,0.0044407899940394,9.384268554860556e-07,42.5,0.0,0.1792244911193847,0.055865604300712,0,0.0002347266075914,0.0561003309083034,Finland,FIN,southwest finland,,,Linux-6.8.0-60-generic-x86_64-with-glibc2.39,3.12.3,2.6.0,8,Intel Xeon Processor (Cascadelake),,,22.3119,60.46,30.60538482666016,process,N,1.0
2025-08-20T17:19:10,codecarbon,d4d7fcfc-74c0-4aa6-86fc-fb1624ab38d5,4787.145659436996,0.004492387853729,9.38427232702465e-07,42.5,0.0,0.1792244911193847,0.0565147016251919,0,0.000237463079943,0.056752164705135,Finland,FIN,southwest finland,,,Linux-6.8.0-60-generic-x86_64-with-glibc2.39,3.12.3,2.6.0,8,Intel Xeon Processor (Cascadelake),,,22.3119,60.46,30.60538482666016,process,N,1.0
2025-08-20T17:20:05,codecarbon,d4d7fcfc-74c0-4aa6-86fc-fb1624ab38d5,4842.091832858976,0.0045439515588894,9.3842738133417e-07,42.5,0.0,0.1792244911193847,0.0571633693617023,0,0.0002401976673967,0.057403567029099,Finland,FIN,southwest finland,,,Linux-6.8.0-60-generic-x86_64-with-glibc2.39,3.12.3,2.6.0,8,Intel Xeon Processor (Cascadelake),,,22.3119,60.46,30.60538482666016,process,N,1.0
2025-08-20T17:21:00,codecarbon,d4d7fcfc-74c0-4aa6-86fc-fb1624ab38d5,4897.112985737971,0.0045955856511994,9.384275316055164e-07,42.5,0.0,0.1792244911193847,0.0578129225043842,0,0.0002429360468601,0.0580558585512444,Finland,FIN,southwest finland,,,Linux-6.8.0-60-generic-x86_64-with-glibc2.39,3.12.3,2.6.0,8,Intel Xeon Processor (Cascadelake),,,22.3119,60.46,30.60538482666016,process,N,1.0
2025-08-20T17:21:55,codecarbon,d4d7fcfc-74c0-4aa6-86fc-fb1624ab38d5,4952.064464420022,0.0046471543434312,9.384276753302486e-07,42.5,0.0,0.1792244911193847,0.0584616529067669,0,0.0002456709699254,0.0587073238766923,Finland,FIN,southwest finland,,,Linux-6.8.0-60-generic-x86_64-with-glibc2.39,3.12.3,2.6.0,8,Intel Xeon Processor (Cascadelake),,,22.3119,60.46,30.60538482666016,process,N,1.0
2025-08-20T17:22:50,codecarbon,d4d7fcfc-74c0-4aa6-86fc-fb1624ab38d5,5007.101697705977,0.0046988035164296,9.384278171506776e-07,42.5,0.0,0.1792244911193847,0.0591113957907459,0,0.000248410121855,0.059359805912601,Finland,FIN,southwest finland,,,Linux-6.8.0-60-generic-x86_64-with-glibc2.39,3.12.3,2.6.0,8,Intel Xeon Processor (Cascadelake),,,22.3119,60.46,30.60538482666016,process,N,1.0
2025-08-20T17:23:45,codecarbon,d4d7fcfc-74c0-4aa6-86fc-fb1624ab38d5,5062.077768370975,0.0047503952788666,9.384279531516086e-07,42.5,0.0,0.1792244911193847,0.0597604164575038,0,0.0002511462255684,0.0600115626830722,Finland,FIN,southwest finland,,,Linux-6.8.0-60-generic-x86_64-with-glibc2.39,3.12.3,2.6.0,8,Intel Xeon Processor (Cascadelake),,,22.3119,60.46,30.60538482666016,process,N,1.0
2025-08-20T17:24:40,codecarbon,d4d7fcfc-74c0-4aa6-86fc-fb1624ab38d5,5117.153169423982,0.0048020802773635,9.38428090457978e-07,42.5,0.0,0.1792244911193847,0.0604106099879546,0,0.000253887313184,0.0606644973011386,Finland,FIN,southwest finland,,,Linux-6.8.0-60-generic-x86_64-with-glibc2.39,3.12.3,2.6.0,8,Intel Xeon Processor (Cascadelake),,,22.3119,60.46,30.60538482666016,process,N,1.0
2025-08-20T17:25:35,codecarbon,d4d7fcfc-74c0-4aa6-86fc-fb1624ab38d5,5172.140587499016,0.0048536809215904,9.384278790336254e-07,42.5,0.0,0.1792244911193847,0.0610597426220604,0,0.0002566236528635,0.0613163662749239,Finland,FIN,southwest finland,,,Linux-6.8.0-60-generic-x86_64-with-glibc2.39,3.12.3,2.6.0,8,Intel Xeon Processor (Cascadelake),,,22.3119,60.46,30.60538482666016,process,N,1.0
2025-08-20T17:26:30,codecarbon,d4d7fcfc-74c0-4aa6-86fc-fb1624ab38d5,5227.182093615003,0.0049053358086208,9.384283387817444e-07,42.5,0.0,0.1792244911193847,0.0617095576118351,0,0.0002593628841452,0.0619689204959802,Finland,FIN,southwest finland,,,Linux-6.8.0-60-generic-x86_64-with-glibc2.39,3.12.3,2.6.0,8,Intel Xeon Processor (Cascadelake),,,22.3119,60.46,30.60538482666016,process,N,1.0
2025-08-20T17:27:25,codecarbon,d4d7fcfc-74c0-4aa6-86fc-fb1624ab38d5,5282.099176855001,0.0049568721446266,9.384284502545068e-07,42.5,0.0,0.1792244911193847,0.0623578809999932,0,0.0002620960664642,0.0626199770664575,Finland,FIN,southwest finland,,,Linux-6.8.0-60-generic-x86_64-with-glibc2.39,3.12.3,2.6.0,8,Intel Xeon Processor (Cascadelake),,,22.3119,60.46,30.60538482666016,process,N,1.0
2025-08-20T17:28:20,codecarbon,d4d7fcfc-74c0-4aa6-86fc-fb1624ab38d5,5337.116774579976,0.0050085028789348,9.384285730433488e-07,42.5,0.0,0.1792244911193847,0.0630073919155011,0,0.0002648342515926,0.0632722261670937,Finland,FIN,southwest finland,,,Linux-6.8.0-60-generic-x86_64-with-glibc2.39,3.12.3,2.6.0,8,Intel Xeon Processor (Cascadelake),,,22.3119,60.46,30.60538482666016,process,N,1.0
2025-08-20T17:29:15,codecarbon,d4d7fcfc-74c0-4aa6-86fc-fb1624ab38d5,5392.077744639013,0.0050600804670447,9.384286923673658e-07,42.5,0.0,0.1792244911193847,0.0636562342402644,0,0.0002675696335672,0.0639238038738316,Finland,FIN,southwest finland,,,Linux-6.8.0-60-generic-x86_64-with-glibc2.39,3.12.3,2.6.0,8,Intel Xeon Processor (Cascadelake),,,22.3119,60.46,30.60538482666016,process,N,1.0
2025-08-20T17:30:10,codecarbon,d4d7fcfc-74c0-4aa6-86fc-fb1624ab38d5,5447.083964671998,0.005111700528501,9.384288110214304e-07,42.5,0.0,0.1792244911193847,0.0643056108942236,0,0.0002703072505127,0.0645759181447363,Finland,FIN,southwest finland,,,Linux-6.8.0-60-generic-x86_64-with-glibc2.39,3.12.3,2.6.0,8,Intel Xeon Processor (Cascadelake),,,22.3119,60.46,30.60538482666016,process,N,1.0
2025-08-20T17:31:05,codecarbon,d4d7fcfc-74c0-4aa6-86fc-fb1624ab38d5,5502.187350430002,0.005163411715273,9.384289167960752e-07,42.5,0.0,0.1792244911193847,0.0649561340055865,0,0.000273049592699,0.0652291835982856,Finland,FIN,southwest finland,,,Linux-6.8.0-60-generic-x86_64-with-glibc2.39,3.12.3,2.6.0,8,Intel Xeon Processor (Cascadelake),,,22.3119,60.46,30.60538482666016,process,N,1.0
2025-08-20T17:32:00,codecarbon,d4d7fcfc-74c0-4aa6-86fc-fb1624ab38d5,5557.072975969,0.0052149186489448,9.384290383617808e-07,42.5,0.0,0.1792244911193847,0.065604087477865,0,0.0002757812523306,0.0658798687301956,Finland,FIN,southwest finland,,,Linux-6.8.0-60-generic-x86_64-with-glibc2.39,3.12.3,2.6.0,8,Intel Xeon Processor (Cascadelake),,,22.3119,60.46,30.60538482666016,process,N,1.0
2025-08-20T17:32:55,codecarbon,d4d7fcfc-74c0-4aa6-86fc-fb1624ab38d5,5612.136065699975,0.0052665910460949,9.384289661619334e-07,42.5,0.0,0.1792244911193847,0.0662541225237376,0,0.00027852163219,0.0665326441559277,Finland,FIN,southwest finland,,,Linux-6.8.0-60-generic-x86_64-with-glibc2.39,3.12.3,2.6.0,8,Intel Xeon Processor (Cascadelake),,,22.3119,60.46,30.60538482666016,process,N,1.0
2025-08-20T17:33:50,codecarbon,d4d7fcfc-74c0-4aa6-86fc-fb1624ab38d5,5667.102431660984,0.0053181747375273,9.38429259336433e-07,42.5,0.0,0.1792244911193847,0.0669030415970673,0,0.0002812573686382,0.0671842989657054,Finland,FIN,southwest finland,,,Linux-6.8.0-60-generic-x86_64-with-glibc2.39,3.12.3,2.6.0,8,Intel Xeon Processor (Cascadelake),,,22.3119,60.46,30.60538482666016,process,N,1.0
2025-08-20T17:34:45,codecarbon,d4d7fcfc-74c0-4aa6-86fc-fb1624ab38d5,5722.074748305022,0.0053697629893158,9.38429367932752e-07,42.5,0.0,0.1792244911193847,0.0675520180536126,0,0.0002839933326761,0.0678360113862887,Finland,FIN,southwest finland,,,Linux-6.8.0-60-generic-x86_64-with-glibc2.39,3.12.3,2.6.0,8,Intel Xeon Processor (Cascadelake),,,22.3119,60.46,30.60538482666016,process,N,1.0
2025-08-20T17:35:40,codecarbon,d4d7fcfc-74c0-4aa6-86fc-fb1624ab38d5,5777.114517399983,0.0054214145585202,9.384294775863664e-07,42.5,0.0,0.1792244911193847,0.0682017910211579,0,0.0002867326722183,0.0684885236933762,Finland,FIN,southwest finland,,,Linux-6.8.0-60-generic-x86_64-with-glibc2.39,3.12.3,2.6.0,8,Intel Xeon Processor (Cascadelake),,,22.3119,60.46,30.60538482666016,process,N,1.0
2025-08-20T17:36:35,codecarbon,d4d7fcfc-74c0-4aa6-86fc-fb1624ab38d5,5832.113222062006,0.0054730275704375,9.384295815338262e-07,42.5,0.0,0.1792244911193847,0.0688510789512552,0,0.0002894699564678,0.069140548907723,Finland,FIN,southwest finland,,,Linux-6.8.0-60-generic-x86_64-with-glibc2.39,3.12.3,2.6.0,8,Intel Xeon Processor (Cascadelake),,,22.3119,60.46,30.60538482666016,process,N,1.0
2025-08-20T17:37:30,codecarbon,d4d7fcfc-74c0-4aa6-86fc-fb1624ab38d5,5887.058505096007,0.0055245904887334,9.384296901332316e-07,42.5,0.0,0.1792244911193847,0.0694997366971604,0,0.0002922045940982,0.0697919412912586,Finland,FIN,southwest finland,,,Linux-6.8.0-60-generic-x86_64-with-glibc2.39,3.12.3,2.6.0,8,Intel Xeon Processor (Cascadelake),,,22.3119,60.46,30.60538482666016,process,N,1.0
2025-08-20T17:38:25,codecarbon,d4d7fcfc-74c0-4aa6-86fc-fb1624ab38d5,5942.082696194004,0.005576227468126,9.384297986458088e-07,42.5,0.0,0.1792244911193847,0.0701493261180789,0,0.0002949431677302,0.0704442692858091,Finland,FIN,southwest finland,,,Linux-6.8.0-60-generic-x86_64-with-glibc2.39,3.12.3,2.6.0,8,Intel Xeon Processor (Cascadelake),,,22.3119,60.46,30.60538482666016,process,N,1.0
2025-08-20T17:39:20,codecarbon,d4d7fcfc-74c0-4aa6-86fc-fb1624ab38d5,5997.064432013023,0.0056278245775902,9.384299003939782e-07,42.5,0.0,0.1792244911193847,0.0707984140132372,0,0.0002976795918342,0.0710960936050715,Finland,FIN,southwest finland,,,Linux-6.8.0-60-generic-x86_64-with-glibc2.39,3.12.3,2.6.0,8,Intel Xeon Processor (Cascadelake),,,22.3119,60.46,30.60538482666016,process,N,1.0
2025-08-20T17:40:15,codecarbon,d4d7fcfc-74c0-4aa6-86fc-fb1624ab38d5,6052.086256986018,0.005679458276712164,9.384298299047333e-07,42.5,0.0,0.17922449111938477,0.07144796219372608,0,0.0003004179663609139,0.07174838016008696,Finland,FIN,southwest finland,,,Linux-6.8.0-60-generic-x86_64-with-glibc2.39,3.12.3,2.6.0,8,Intel Xeon Processor (Cascadelake),,,22.3119,60.46,30.605384826660156,process,N,1.0
